{"0": {"x": 0.5830747485160828, "y": 0.2357395440340042, "z": -0.01839887723326683}, "1": {"x": 0.5692218542098999, "y": 0.22208085656166077, "z": 0.003998343832790852}, "2": {"x": 0.5672626495361328, "y": 0.22229866683483124, "z": 0.003850933164358139}, "3": {"x": 0.5651830434799194, "y": 0.22255158424377441, "z": 0.003866921877488494}, "4": {"x": 0.5676356554031372, "y": 0.22244761884212494, "z": -0.04953662306070328}, "5": {"x": 0.5646154284477234, "y": 0.22292926907539368, "z": -0.04955863952636719}, "6": {"x": 0.5614806413650513, "y": 0.22344890236854553, "z": -0.04960165172815323}, "7": {"x": 0.5460911989212036, "y": 0.2364404797554016, "z": 0.0928291529417038}, "8": {"x": 0.542594313621521, "y": 0.23667478561401367, "z": -0.14727112650871277}, "9": {"x": 0.5812250375747681, "y": 0.25380319356918335, "z": 0.018454331904649734}, "10": {"x": 0.578450620174408, "y": 0.25215691328048706, "z": -0.052501387894153595}, "11": {"x": 0.5470236539840698, "y": 0.3123430013656616, "z": 0.23384077847003937}, "12": {"x": 0.534329891204834, "y": 0.29931578040122986, "z": -0.2842293679714203}, "13": {"x": 0.6427732110023499, "y": 0.2385605126619339, "z": 0.3212760090827942}, "14": {"x": 0.643360435962677, "y": 0.2229432612657547, "z": -0.44171154499053955}, "15": {"x": 0.7301937937736511, "y": 0.16316014528274536, "z": 0.1649598330259323}, "16": {"x": 0.737395167350769, "y": 0.13793769478797913, "z": -0.45349007844924927}, "17": {"x": 0.7448809742927551, "y": 0.1428995430469513, "z": 0.15240997076034546}, "18": {"x": 0.7566071152687073, "y": 0.11343759298324585, "z": -0.5336122512817383}, "19": {"x": 0.7430872321128845, "y": 0.13355278968811035, "z": 0.10168103873729706}, "20": {"x": 0.7528619766235352, "y": 0.10600084066390991, "z": -0.49358901381492615}, "21": {"x": 0.737313449382782, "y": 0.14145663380622864, "z": 0.1358119696378708}, "22": {"x": 0.7477134466171265, "y": 0.11345085501670837, "z": -0.4428935945034027}, "23": {"x": 0.4390372335910797, "y": 0.5446606278419495, "z": 0.18634016811847687}, "24": {"x": 0.4187506139278412, "y": 0.5460397601127625, "z": -0.1861255019903183}, "25": {"x": 0.5727781057357788, "y": 0.6692937016487122, "z": 0.18265679478645325}, "26": {"x": 0.5753723382949829, "y": 0.673913836479187, "z": -0.231462299823761}, "27": {"x": 0.5039246082305908, "y": 0.8485257625579834, "z": 0.30626875162124634}, "28": {"x": 0.49888861179351807, "y": 0.8583002090454102, "z": -0.1179814487695694}, "29": {"x": 0.4770981967449188, "y": 0.8698175549507141, "z": 0.31405606865882874}, "30": {"x": 0.47287195920944214, "y": 0.8787665367126465, "z": -0.10974004864692688}, "31": {"x": 0.5774824023246765, "y": 0.8874754905700684, "z": 0.2976960837841034}, "32": {"x": 0.5732383728027344, "y": 0.8924127817153931, "z": -0.13797467947006226}}