{"0": {"x": 0.41316118836402893, "y": 0.27691978216171265, "z": -0.29143184423446655}, "1": {"x": 0.4263402819633484, "y": 0.25698915123939514, "z": -0.2952897548675537}, "2": {"x": 0.43211108446121216, "y": 0.2563580572605133, "z": -0.2952441871166229}, "3": {"x": 0.43775758147239685, "y": 0.2560087740421295, "z": -0.2952452003955841}, "4": {"x": 0.4170108735561371, "y": 0.2570444345474243, "z": -0.260171502828598}, "5": {"x": 0.4158555865287781, "y": 0.25650304555892944, "z": -0.2602618634700775}, "6": {"x": 0.41502124071121216, "y": 0.256016343832016, "z": -0.26016658544540405}, "7": {"x": 0.4668656289577484, "y": 0.2656921446323395, "z": -0.26292863488197327}, "8": {"x": 0.4381296634674072, "y": 0.26277172565460205, "z": -0.09516774117946625}, "9": {"x": 0.42634478211402893, "y": 0.29753878712654114, "z": -0.2790273129940033}, "10": {"x": 0.41515031456947327, "y": 0.29799288511276245, "z": -0.23023073375225067}, "11": {"x": 0.552543044090271, "y": 0.3807907700538635, "z": -0.2233327329158783}, "12": {"x": 0.3982290029525757, "y": 0.3734036386013031, "z": -0.03636332228779793}, "13": {"x": 0.6865252256393433, "y": 0.39090877771377563, "z": -0.2744017541408539}, "14": {"x": 0.26796871423721313, "y": 0.3760741055011749, "z": -0.01632157899439335}, "15": {"x": 0.8121452331542969, "y": 0.40496113896369934, "z": -0.41019564867019653}, "16": {"x": 0.14398518204689026, "y": 0.3672260046005249, "z": -0.21537859737873077}, "17": {"x": 0.844910740852356, "y": 0.40506666898727417, "z": -0.45297202467918396}, "18": {"x": 0.10564231872558594, "y": 0.36620602011680603, "z": -0.25633490085601807}, "19": {"x": 0.8475785255432129, "y": 0.39982128143310547, "z": -0.5027574300765991}, "20": {"x": 0.10140669345855713, "y": 0.362906277179718, "z": -0.31131982803344727}, "21": {"x": 0.8350933790206909, "y": 0.40265119075775146, "z": -0.44102177023887634}, "22": {"x": 0.11326871067285538, "y": 0.3659139573574066, "z": -0.25108757615089417}, "23": {"x": 0.5466518998146057, "y": 0.6509525179862976, "z": -0.0954020768404007}, "24": {"x": 0.4502716660499573, "y": 0.641453206539154, "z": 0.09515497833490372}, "25": {"x": 0.6994256973266602, "y": 0.7755787372589111, "z": -0.20271830260753632}, "26": {"x": 0.2768328785896301, "y": 0.6608060002326965, "z": -0.1130545362830162}, "27": {"x": 0.855162501335144, "y": 0.881097674369812, "z": -0.07525470852851868}, "28": {"x": 0.2489633858203888, "y": 0.8832594156265259, "z": -0.02500924840569496}, "29": {"x": 0.8702692985534668, "y": 0.8953337073326111, "z": -0.06702952086925507}, "30": {"x": 0.2671321630477905, "y": 0.9146690368652344, "z": -0.022443387657403946}, "31": {"x": 0.8977128863334656, "y": 0.942165195941925, "z": -0.23602907359600067}, "32": {"x": 0.16030606627464294, "y": 0.9230853915214539, "z": -0.1291654109954834}}